Colony,1867,1877,1878,1879,1880,1883,1886,1888,1889,1890,1894,1896,1897,1898,1899,1900,1905,1906,1907,1908,1909,1910,1911,1912,1913,1914,1915,1917,1918,1919,1920,1921,1922,1923,1924,1925,1927,1928,1929,1930,1931,1932,1933,1934,1936,1937,1939,1940,1946,1948,1949,1950,1951,1952,1953,1954,1955,1956,1957,1958,1959,1960,1961,1962,1963,1964,1965,1966
Aden,n,n,n,n,n,n,n,n,n,n,y,n,n,y,n,y,y,y,y,y,n,n,n,n,n,n,n,n,y,y,y,n,y,y,y,n,y,y,y,y,y,y,y,y,y,y,y,y,y,y,y,y,y,y,y,y,y,y,y,y,y,n,n,n,y,y,y,y
Aden Colony,n,n,n,n,n,n,n,n,n,n,n,n,n,n,n,n,n,n,n,n,n,n,n,n,n,n,n,n,n,n,n,n,n,n,n,n,n,n,n,n,n,n,n,n,n,n,n,n,n,n,n,n,n,n,n,n,n,n,n,n,n,y,y,y,n,n,n,n
Amatongaland,n,n,n,n,n,n,n,n,n,n,n,n,n,y,n,n,n,n,n,n,n,n,n,n,n,n,n,n,n,n,n,n,n,n,n,n,n,n,n,n,n,n,n,n,n,n,n,n,n,n,n,n,n,n,n,n,n,n,n,n,n,n,n,n,n,n,n,n
Anguilla,y,y,y,y,y,y,n,n,n,n,n,n,n,n,n,n,n,n,n,n,n,n,n,n,n,n,n,n,n,n,n,n,n,n,n,n,n,n,n,n,n,n,n,n,n,n,n,n,n,n,n,n,n,n,n,n,n,n,n,n,n,n,n,n,n,n,n,n
Anguilla Ref,n,n,n,n,n,n,y,n,n,n,n,n,n,n,n,n,n,n,n,n,n,n,n,n,n,n,n,n,n,n,n,n,n,n,n,n,n,n,n,n,n,n,n,n,n,n,n,n,n,n,n,n,n,n,n,n,n,n,n,n,n,n,n,n,n,n,n,n
Antigua,y,y,n,y,y,y,n,n,n,y,y,y,n,n,n,n,n,n,n,n,y,n,n,n,n,n,n,n,n,n,n,y,n,n,n,n,n,n,y,n,n,n,n,n,n,n,n,n,n,n,n,n,n,n,n,n,n,n,n,n,n,n,n,n,y,y,y,y
Antigua Ref,n,n,n,n,n,n,y,n,n,n,n,n,n,n,n,n,n,n,n,n,n,n,n,n,n,n,n,n,n,n,n,n,n,n,n,n,n,n,n,n,n,n,n,n,n,n,n,n,n,n,n,n,n,n,n,n,n,n,n,n,n,n,n,n,n,n,n,n
Ascension,n,n,n,n,n,n,n,y,n,y,y,n,y,y,n,y,y,y,y,y,n,n,n,n,n,n,n,n,y,y,y,n,n,n,n,n,y,y,y,y,n,y,y,y,y,y,y,y,n,n,n,n,n,n,n,n,n,n,n,n,n,n,n,n,n,n,n,n
Ashanti,n,n,n,n,n,n,n,n,n,n,n,n,n,n,n,n,n,n,n,n,y,n,n,n,n,n,n,n,n,n,n,n,n,n,n,n,n,n,n,n,n,n,n,n,n,n,n,n,n,n,n,n,n,n,n,n,n,n,n,n,n,n,n,n,n,n,n,n
Australia,n,n,n,n,n,n,n,n,n,n,n,n,n,n,n,n,n,n,n,y,n,n,n,y,y,y,y,y,y,y,y,n,y,n,n,n,y,n,n,n,n,n,n,n,n,n,n,n,n,n,n,n,n,n,n,n,n,n,n,n,n,n,n,n,n,n,n,n
Australia-New South Wales,n,n,n,n,n,n,n,n,n,n,n,n,n,n,n,n,n,n,n,n,y,n,n,n,n,n,n,n,n,n,n,n,n,n,n,n,n,n,n,n,n,n,n,n,n,n,n,n,n,n,n,n,n,n,n,n,n,n,n,n,n,n,n,n,n,n,n,n
Australia-Queensland,n,n,n,n,n,n,n,n,n,n,n,n,n,n,n,n,n,n,n,n,y,n,n,n,n,n,n,n,n,n,n,n,n,n,n,n,n,n,n,n,n,n,n,n,n,n,n,n,n,n,n,n,n,n,n,n,n,n,n,n,n,n,n,n,n,n,n,n
Bahama Islands,n,n,n,n,n,n,n,n,n,n,n,n,n,n,n,n,n,n,n,n,n,n,n,n,n,n,n,n,n,n,n,n,n,n,n,n,n,n,n,n,n,n,n,n,n,n,n,n,n,n,n,y,n,y,y,y,y,y,y,y,y,y,n,y,y,y,y,y
Bahamas,y,y,y,y,y,y,y,y,y,y,y,y,y,y,y,y,y,y,y,y,y,y,y,y,y,y,y,y,y,y,y,y,y,y,y,y,y,y,y,y,y,y,y,y,y,y,y,y,y,y,y,n,y,n,n,n,n,n,n,n,n,n,n,n,n,n,n,n
Bahamas Islands,n,n,n,n,n,n,n,n,n,n,n,n,n,n,n,n,n,n,n,n,n,n,n,n,n,n,n,n,n,n,n,n,n,n,n,n,n,n,n,n,n,n,n,n,n,n,n,n,n,n,n,n,n,n,n,n,n,n,n,n,n,n,y,n,n,n,n,n
Barbados,y,y,n,y,n,y,y,y,y,y,y,y,y,y,y,y,y,y,y,y,y,y,y,y,y,y,y,y,y,y,y,y,y,y,y,y,y,y,y,y,y,y,y,y,y,y,y,y,y,y,y,y,y,y,y,y,y,y,y,y,y,n,n,n,y,y,y,y
Barbados Ref,n,n,n,n,y,n,n,n,n,n,n,n,n,n,n,n,n,n,n,n,n,n,n,n,n,n,n,n,n,n,n,n,n,n,n,n,n,n,n,n,n,n,n,n,n,n,n,n,n,n,n,n,n,n,n,n,n,n,n,n,n,n,n,n,n,n,n,n
Barbados Windward,n,n,n,n,y,n,n,n,n,n,n,n,n,n,n,n,n,n,n,n,n,n,n,n,n,n,n,n,n,n,n,n,n,n,n,n,n,n,n,n,n,n,n,n,n,n,n,n,n,n,n,n,n,n,n,n,n,n,n,n,n,n,n,n,n,n,n,n
Barbuda,n,n,n,n,n,n,n,n,n,n,n,n,n,n,n,n,n,n,n,n,n,n,n,n,n,n,n,n,n,n,n,n,n,n,n,n,n,n,y,n,n,n,n,n,n,n,n,n,n,n,n,n,n,n,n,n,n,n,n,n,n,n,n,n,n,n,n,n
Basutoland,n,n,n,n,n,n,n,y,y,y,y,y,y,y,y,y,y,y,y,y,y,y,y,n,n,n,n,y,n,n,y,y,y,y,y,y,y,n,n,n,n,n,n,n,n,n,n,n,n,n,n,n,n,n,n,y,n,n,n,n,n,n,n,y,n,n,y,y
Bechuanaland,n,n,n,n,n,n,n,n,n,n,n,n,n,n,n,n,n,n,n,n,n,n,n,n,n,n,n,n,n,n,n,n,y,n,y,n,n,n,n,n,n,n,n,n,n,n,n,n,n,n,n,n,n,n,n,n,n,n,n,n,n,n,n,n,n,n,n,y
Bechuanaland Protectorate,n,n,n,n,n,n,n,n,n,n,n,n,y,y,y,n,y,y,y,n,y,y,y,n,n,n,n,y,n,n,n,y,n,n,n,y,n,n,n,n,n,n,n,n,n,n,n,n,n,n,n,n,n,n,n,y,n,n,n,n,n,n,n,n,n,n,y,n
Bermuda,n,n,n,n,n,y,y,y,y,y,y,y,y,y,y,y,y,y,y,y,y,y,y,y,y,y,y,y,y,y,y,y,y,y,y,y,y,y,y,y,y,y,y,y,y,y,y,y,n,y,y,y,y,y,y,y,y,y,y,y,y,y,y,y,y,y,y,y
Bermudas,n,y,y,y,y,n,n,n,n,n,n,n,n,n,n,n,n,n,n,n,n,n,n,n,n,n,n,n,n,n,n,n,n,n,n,n,n,n,n,n,n,n,n,n,n,n,n,n,n,n,n,n,n,n,n,n,n,n,n,n,n,n,n,n,n,n,n,n
British Antarctic Territory,n,n,n,n,n,n,n,n,n,n,n,n,n,n,n,n,n,n,n,n,n,n,n,n,n,n,n,n,n,n,n,n,n,n,n,n,n,n,n,n,n,n,n,n,n,n,n,n,n,n,n,n,n,n,n,n,n,n,n,n,n,n,n,n,y,y,y,y
British Bechuanaland,n,n,n,n,n,n,n,n,y,y,y,n,n,n,n,n,n,n,n,n,n,n,n,n,n,n,n,n,n,n,n,n,n,n,n,n,n,n,n,n,n,n,n,n,n,n,n,n,n,n,n,n,n,n,n,n,n,n,n,n,n,n,n,n,n,n,n,n
British Central Africa,n,n,n,n,n,n,n,n,n,n,n,n,y,y,n,n,n,n,n,n,n,n,n,n,n,n,n,n,n,n,n,n,n,n,n,n,n,n,n,n,n,n,n,n,n,n,n,n,n,n,n,n,n,n,n,n,n,n,n,n,n,n,n,n,n,n,n,n
British Central Africa Protectorate,n,n,n,n,n,n,n,n,n,n,n,n,n,n,n,n,y,y,y,n,n,n,n,n,n,n,n,n,n,n,n,n,n,n,n,n,n,n,n,n,n,n,n,n,n,n,n,n,n,n,n,n,n,n,n,n,n,n,n,n,n,n,n,n,n,n,n,n
British Columbia,y,n,n,n,n,n,n,n,n,n,n,n,n,n,n,n,n,n,n,y,y,n,n,n,n,n,n,n,n,n,n,n,n,n,n,n,y,n,n,n,n,n,n,n,n,n,n,n,n,n,n,n,n,n,n,n,n,n,n,n,n,n,n,n,n,n,n,n
British Columbia And Vancouver Island,n,y,n,n,n,n,n,n,n,n,n,n,n,n,n,n,n,n,n,n,n,n,n,n,n,n,n,n,n,n,n,n,n,n,n,n,n,n,n,n,n,n,n,n,n,n,n,n,n,n,n,n,n,n,n,n,n,n,n,n,n,n,n,n,n,n,n,n
British East Africa And Zanzibar,n,n,n,n,n,n,n,n,n,n,n,y,y,n,n,n,n,n,n,n,n,n,n,n,n,n,n,n,n,n,n,n,n,n,n,n,n,n,n,n,n,n,n,n,n,n,n,n,n,n,n,n,n,n,n,n,n,n,n,n,n,n,n,n,n,n,n,n
British East Africa Protectorate,n,n,n,n,n,n,n,n,n,n,n,n,n,n,n,n,n,y,y,y,n,n,n,n,n,n,n,n,n,n,n,n,n,n,n,n,n,n,n,n,n,n,n,n,n,n,n,n,n,n,n,n,n,n,n,n,n,n,n,n,n,n,n,n,n,n,n,n
British East Africa Zanzibar Uganda,n,n,n,n,n,n,n,n,n,n,n,n,n,y,n,n,n,n,n,n,n,n,n,n,n,n,n,n,n,n,n,n,n,n,n,n,n,n,n,n,n,n,n,n,n,n,n,n,n,n,n,n,n,n,n,n,n,n,n,n,n,n,n,n,n,n,n,n
British Guiana,y,y,y,y,y,y,y,y,y,y,y,y,y,y,y,y,y,y,y,y,y,y,y,y,y,y,y,y,y,y,y,y,y,y,y,y,y,y,y,y,y,y,y,y,y,y,y,y,y,y,y,y,y,y,y,y,y,y,y,y,y,y,y,y,y,y,y,y
British Honduras,n,y,n,y,y,y,n,y,y,y,y,y,y,y,y,y,y,y,y,y,y,y,y,y,y,y,y,y,y,y,y,y,y,y,y,y,y,y,y,y,y,y,y,y,y,y,y,y,y,y,y,y,y,y,y,y,y,y,y,y,y,y,y,y,y,y,y,y
British New Guinea,n,n,n,n,n,n,n,n,y,y,y,y,y,y,y,y,n,y,n,n,n,n,n,n,n,n,n,n,n,n,n,n,n,n,n,n,n,n,n,n,n,n,n,n,n,n,n,n,n,n,n,n,n,n,n,n,n,n,n,n,n,n,n,n,n,n,n,n
British North Borneo,n,n,n,n,n,n,n,n,n,y,n,n,n,n,n,n,n,n,n,n,n,n,n,n,n,n,n,n,n,n,n,n,n,n,n,n,n,n,n,n,n,n,n,n,n,n,n,n,n,n,n,n,n,n,n,n,n,n,n,n,n,n,n,n,n,n,n,n
British Somaliland Protectorate,n,n,n,n,n,n,n,n,n,n,n,n,n,n,n,n,n,n,n,n,n,n,n,n,n,n,n,n,n,n,n,n,n,n,n,n,n,n,n,n,n,n,n,n,n,n,n,n,n,n,y,n,n,n,n,n,n,n,n,n,n,n,n,n,n,n,n,n
British South Africa Company,n,n,n,n,n,n,n,n,n,n,n,n,y,y,n,n,n,n,n,n,n,n,n,n,n,n,n,n,n,n,n,n,n,n,n,n,n,n,n,n,n,n,n,n,n,n,n,n,n,n,n,n,n,n,n,n,n,n,n,n,n,n,n,n,n,n,n,n
British Zambezia And British Central Africa,n,n,n,n,n,n,n,n,n,n,n,y,n,n,n,n,n,n,n,n,n,n,n,n,n,n,n,n,n,n,n,n,n,n,n,n,n,n,n,n,n,n,n,n,n,n,n,n,n,n,n,n,n,n,n,n,n,n,n,n,n,n,n,n,n,n,n,n
Brunei,n,n,n,n,n,n,n,n,n,y,y,n,y,y,n,y,n,n,n,y,n,n,n,n,n,n,n,n,n,y,n,n,n,y,n,n,n,n,n,n,n,y,y,y,y,y,y,n,n,y,y,y,y,y,y,y,y,y,y,y,y,y,y,y,y,y,n,n
Bulama,y,n,n,n,n,n,n,n,n,n,n,n,n,n,n,n,n,n,n,n,n,n,n,n,n,n,n,n,n,n,n,n,n,n,n,n,n,n,n,n,n,n,n,n,n,n,n,n,n,n,n,n,n,n,n,n,n,n,n,n,n,n,n,n,n,n,n,n
Cameroons Uk Trusteeship,n,n,n,n,n,n,n,n,n,n,n,n,n,n,n,n,n,n,n,n,n,n,n,n,n,n,n,n,n,n,n,n,n,n,n,n,n,n,n,n,n,n,n,n,n,n,n,n,n,n,n,n,n,n,n,n,n,n,n,n,n,n,y,n,n,n,n,n
Canada,y,n,n,n,n,n,n,n,n,n,n,n,n,y,n,n,n,n,n,n,n,n,n,y,n,n,n,n,y,y,y,n,y,n,n,n,n,n,n,n,n,n,n,n,n,n,n,n,n,n,n,n,n,n,n,n,n,n,n,n,n,n,n,n,n,n,n,n
Cape Of Good Hope,y,y,y,y,y,y,n,y,y,y,y,y,y,y,y,y,y,y,y,y,y,n,n,n,n,n,n,n,n,n,n,n,n,n,n,n,y,n,n,n,n,n,n,n,n,n,n,n,n,n,n,n,n,n,n,n,n,n,n,n,n,n,n,n,n,n,n,n
Cayman Islands,n,n,n,n,n,n,n,n,n,n,n,n,n,n,n,n,n,n,n,n,n,n,n,n,n,n,n,n,n,n,n,n,n,n,n,n,y,y,y,y,n,y,y,y,y,y,y,y,n,n,n,n,n,n,n,n,y,n,n,n,n,n,n,n,y,y,y,y
Ceylon,y,y,y,y,y,y,y,y,y,y,y,y,y,y,y,y,y,y,y,y,y,y,y,y,y,y,y,y,y,y,y,y,y,y,y,y,y,y,y,y,y,y,y,y,y,y,y,y,y,n,n,n,n,n,n,n,n,n,n,n,n,n,n,n,n,n,n,n
Christmas Island,n,n,n,n,n,n,n,n,n,n,n,n,n,n,n,n,n,n,n,n,n,n,n,n,n,n,n,n,n,n,n,n,n,n,n,n,n,n,n,n,n,n,n,n,y,n,n,n,n,n,n,n,n,n,n,n,n,n,n,n,y,n,n,n,n,n,n,n
Commonwealth Control,n,n,n,n,n,n,n,n,n,n,n,n,n,n,n,n,n,n,n,n,n,n,n,n,n,n,n,y,n,n,n,n,n,n,n,n,n,n,n,n,n,n,n,n,n,n,n,n,n,n,n,n,n,n,n,n,n,n,n,n,n,n,n,n,n,n,n,n
Cook Islands,n,n,n,n,n,n,n,n,n,n,n,n,n,n,n,n,n,n,n,n,n,n,y,n,n,n,n,n,n,n,n,n,n,n,n,n,n,n,n,n,n,n,n,n,n,n,n,n,n,n,n,n,n,n,n,n,n,n,n,n,n,n,n,n,n,n,n,n
Cyprus,n,n,n,n,n,y,y,y,y,y,y,y,y,y,y,y,y,y,y,y,y,y,y,y,y,y,y,y,y,y,y,y,y,y,y,y,n,n,y,y,n,y,y,y,y,y,y,y,y,n,y,y,y,y,y,y,y,y,y,y,y,y,n,n,n,n,n,n
Dominica,y,y,n,y,n,y,y,n,n,y,y,y,n,n,n,n,n,n,n,n,y,n,n,n,n,n,n,n,n,n,n,y,n,n,n,n,n,n,y,n,n,n,n,n,n,n,n,n,n,n,n,n,n,n,n,n,n,n,n,n,n,n,n,n,y,y,y,y
Dominica Ref,n,n,n,n,y,n,y,n,n,n,n,n,n,n,n,n,n,n,n,n,n,n,n,n,n,n,n,n,n,n,n,n,n,n,n,n,n,n,n,n,n,n,n,n,n,n,n,n,n,n,n,n,n,n,n,n,n,n,n,n,n,n,n,n,n,n,n,n
Dominion Of Canada,n,y,y,y,y,y,y,y,y,y,y,y,y,n,y,y,y,y,y,y,y,y,y,n,y,y,y,y,n,n,n,n,n,n,n,n,n,n,n,n,n,n,n,n,n,n,n,n,n,n,n,n,n,n,n,n,n,n,n,n,n,n,n,n,n,n,n,n
East Africa High Commission,n,n,n,n,n,n,n,n,n,n,n,n,n,n,n,n,n,n,n,n,n,n,n,n,n,n,n,n,n,n,n,n,n,n,n,n,n,n,n,n,n,n,n,n,n,n,n,n,n,n,y,n,n,n,n,n,n,n,n,n,n,n,n,n,n,n,n,n
East Africa Protectorate,n,n,n,n,n,n,n,n,n,n,n,n,n,n,n,y,y,n,n,n,y,y,y,y,y,y,y,y,y,y,y,n,n,n,n,n,n,n,n,n,n,n,n,n,n,n,n,n,n,n,n,n,n,n,n,n,n,n,n,n,n,n,n,n,n,n,n,n
Falkland Islands,y,y,y,y,y,y,y,y,y,y,y,y,y,y,y,y,y,y,y,y,y,y,y,y,y,y,y,y,y,y,y,y,y,y,y,y,y,y,y,y,y,y,y,y,y,y,y,y,y,y,y,n,y,n,n,n,y,y,n,n,y,n,n,n,n,y,n,y
Falkland Islands And Dependencies,n,n,n,n,n,n,n,n,n,n,n,n,n,n,n,n,n,n,n,n,n,n,n,n,n,n,n,n,n,n,n,n,n,n,n,n,n,n,n,n,n,n,n,n,n,n,n,n,n,n,n,y,n,y,y,y,n,n,y,y,n,y,y,y,y,n,y,n
Federated Malay States,n,n,n,n,n,n,n,n,n,n,n,n,n,n,n,n,n,n,n,y,n,n,n,n,n,n,n,n,y,y,y,n,y,y,n,y,n,n,n,n,n,n,n,n,n,n,n,n,n,n,n,n,n,n,n,n,n,n,n,n,n,n,n,n,n,n,n,n
Federation Of Malaya,n,n,n,n,n,n,n,n,n,n,n,n,n,n,n,n,n,n,n,n,n,n,n,n,n,n,n,n,n,n,n,n,n,n,n,n,n,n,n,n,n,n,n,n,n,n,n,n,n,y,y,y,y,y,y,y,n,y,y,y,n,n,n,n,n,n,n,n
Federation Of Nigeria,n,n,n,n,n,n,n,n,n,n,n,n,n,n,n,n,n,n,n,n,n,n,n,n,n,n,n,n,n,n,n,n,n,n,n,n,n,n,n,n,n,n,n,n,n,n,n,n,n,n,n,n,n,n,n,n,n,y,y,y,n,y,y,n,n,n,n,n
Federation Of Rhodesia And Nyasaland,n,n,n,n,n,n,n,n,n,n,n,n,n,n,n,n,n,n,n,n,n,n,n,n,n,n,n,n,n,n,n,n,n,n,n,n,n,n,n,n,n,n,n,n,n,n,n,n,n,n,n,n,n,n,n,n,n,y,y,n,n,y,n,y,n,n,n,n
Federation Rhodesia Nyasaland,n,n,n,n,n,n,n,n,n,n,n,n,n,n,n,n,n,n,n,n,n,n,n,n,n,n,n,n,n,n,n,n,n,n,n,n,n,n,n,n,n,n,n,n,n,n,n,n,n,n,n,n,n,n,n,n,n,n,n,n,n,n,y,n,n,n,n,n
Fiji,n,y,y,y,y,y,y,y,y,n,y,y,y,y,y,y,y,y,y,y,y,y,y,y,y,y,y,y,y,y,y,y,y,y,y,y,y,y,y,y,y,y,y,y,y,y,y,y,y,y,y,y,y,y,n,y,y,y,n,y,y,y,y,n,n,y,y,y
Fiji And Pitcairn,n,n,n,n,n,n,n,n,n,n,n,n,n,n,n,n,n,n,n,n,n,n,n,n,n,n,n,n,n,n,n,n,n,n,n,n,n,n,n,n,n,n,n,n,n,n,n,n,n,n,n,n,n,n,n,n,n,n,y,n,n,n,n,n,n,n,n,n
Fiji And Pitcairn Islands,n,n,n,n,n,n,n,n,n,n,n,n,n,n,n,n,n,n,n,n,n,n,n,n,n,n,n,n,n,n,n,n,n,n,n,n,n,n,n,n,n,n,n,n,n,n,n,n,n,n,n,n,n,n,y,n,n,n,n,n,n,n,n,n,n,n,n,n
Fiji And Pitcairn Islands Group,n,n,n,n,n,n,n,n,n,n,n,n,n,n,n,n,n,n,n,n,n,n,n,n,n,n,n,n,n,n,n,n,n,n,n,n,n,n,n,n,n,n,n,n,n,n,n,n,n,n,n,n,n,n,n,n,n,n,n,n,n,n,n,y,y,n,n,n
Gambia,n,n,n,y,n,y,y,n,n,n,n,n,n,y,y,y,n,n,n,y,n,n,n,y,n,n,n,n,y,y,y,n,y,y,y,n,y,n,n,n,n,n,n,n,n,n,n,n,y,n,y,y,y,n,y,n,y,n,n,y,y,n,n,n,n,y,y,y
Gibraltar,n,y,y,y,y,y,y,y,y,y,y,y,y,y,y,y,y,y,y,y,y,y,y,y,y,n,n,y,y,y,y,y,y,y,y,y,y,y,y,y,y,y,y,y,y,y,y,y,n,y,y,y,y,y,y,y,y,y,y,y,y,y,y,y,y,y,y,y
Gilbert And Ellice Islands,n,n,n,n,n,n,n,n,n,n,n,n,n,n,n,n,n,n,n,n,n,n,n,n,n,n,n,n,n,n,n,n,n,n,y,n,n,n,n,n,n,n,n,n,n,n,n,n,n,n,n,y,n,n,n,n,n,n,n,n,n,n,n,n,n,n,n,n
Gold Coast,y,n,n,n,n,n,y,n,n,n,n,n,n,y,y,n,n,n,n,y,n,n,y,y,n,n,n,n,y,y,y,n,y,y,y,n,y,n,n,n,n,n,n,n,n,n,n,n,y,y,y,y,y,n,y,n,y,n,n,n,n,n,n,n,n,n,n,n
Gold Coast Colony,n,n,n,y,n,y,n,n,n,n,n,n,n,n,n,y,n,n,n,n,n,n,n,n,n,n,n,n,n,n,n,n,n,n,n,n,n,n,n,n,n,n,n,n,n,n,n,n,n,n,n,n,n,n,n,n,n,n,n,n,n,n,n,n,n,n,n,n
Gold Coast Ghana,n,n,n,n,n,n,n,n,n,n,n,n,n,n,n,n,n,n,n,n,n,n,n,n,n,n,n,n,n,n,n,n,n,n,n,n,n,n,n,n,n,n,n,n,n,n,n,n,n,n,n,n,n,n,n,n,n,n,y,n,n,n,n,n,n,n,n,n
Grena Da,n,n,n,n,n,n,n,n,n,n,n,n,n,n,n,n,n,n,n,n,n,n,y,n,n,n,n,y,n,n,n,n,n,n,n,n,n,n,n,n,n,n,n,n,n,n,n,n,n,n,n,n,n,n,n,n,n,n,n,n,n,n,n,n,n,n,n,n
Grenada,n,y,n,y,n,y,n,n,n,y,y,n,y,n,y,n,n,n,n,n,n,n,n,y,n,n,n,n,n,n,n,y,n,n,n,n,y,y,y,n,n,y,n,n,n,n,n,n,n,n,n,n,n,n,n,n,n,n,n,n,n,n,n,n,y,y,y,y
Grenada Windward,n,n,n,y,y,n,n,n,n,n,n,n,n,n,n,n,n,n,n,n,n,n,n,n,n,n,n,n,n,n,n,n,n,n,n,n,n,n,n,n,n,n,n,n,n,n,n,n,n,n,n,n,n,n,n,n,n,n,n,n,n,n,n,n,n,n,n,n
Grenade,n,n,n,n,n,n,n,n,n,n,n,n,n,n,n,y,n,n,n,n,n,n,n,n,n,n,n,n,n,n,n,n,n,n,n,n,n,n,n,n,n,n,n,n,n,n,n,n,n,n,n,n,n,n,n,n,n,n,n,n,n,n,n,n,n,n,n,n
Grenade Ref,n,n,n,n,y,n,n,n,n,n,n,n,n,n,n,n,n,n,n,n,n,n,n,n,n,n,n,n,n,n,n,n,n,n,n,n,n,n,n,n,n,n,n,n,n,n,n,n,n,n,n,n,n,n,n,n,n,n,n,n,n,n,n,n,n,n,n,n
Griqualand West,n,y,n,y,y,n,n,n,n,n,n,n,n,n,n,n,n,n,n,n,n,n,n,n,n,n,n,n,n,n,n,n,n,n,n,n,n,n,n,n,n,n,n,n,n,n,n,n,n,n,n,n,n,n,n,n,n,n,n,n,n,n,n,n,n,n,n,n
Helgoland,n,n,n,n,n,y,n,n,n,n,n,n,n,n,n,n,n,n,n,n,n,n,n,n,n,n,n,n,n,n,n,n,n,n,n,n,n,n,n,n,n,n,n,n,n,n,n,n,n,n,n,n,n,n,n,n,n,n,n,n,n,n,n,n,n,n,n,n
Heligoland,y,y,y,y,y,n,y,y,y,y,n,n,n,n,n,n,n,n,n,n,n,n,n,n,n,n,n,n,n,n,n,n,n,n,n,n,n,n,n,n,n,n,n,n,n,n,n,n,n,n,n,n,n,n,n,n,n,n,n,n,n,n,n,n,n,n,n,n
High Commission Territories,n,n,n,n,n,n,n,n,n,n,n,n,n,n,n,n,n,n,n,n,n,n,n,n,n,n,n,n,n,n,n,n,n,n,n,n,n,n,n,n,n,n,n,n,n,n,n,n,n,n,n,n,n,n,n,n,n,n,y,y,y,n,n,n,n,y,n,n
Honduras,y,y,y,n,n,n,n,n,n,n,n,n,n,n,n,n,n,n,n,n,n,n,n,n,n,n,n,n,n,n,n,n,n,n,n,n,n,n,n,n,n,n,n,n,n,n,n,n,n,n,n,n,n,n,n,n,n,n,n,n,n,n,n,n,n,n,n,n
Hong Kong,y,y,y,y,y,y,y,y,y,y,y,y,y,y,y,y,y,y,y,y,y,y,y,y,y,y,y,y,y,y,y,y,y,y,y,y,y,y,y,y,y,y,y,y,y,y,y,y,y,y,y,y,y,y,y,y,y,y,y,y,y,y,y,y,y,y,y,y
Imperial British East African Company,n,n,n,n,n,n,n,n,n,y,n,n,n,n,n,n,n,n,n,n,n,n,n,n,n,n,n,n,n,n,n,n,n,n,n,n,n,n,n,n,n,n,n,n,n,n,n,n,n,n,n,n,n,n,n,n,n,n,n,n,n,n,n,n,n,n,n,n
Iraq,n,n,n,n,n,n,n,n,n,n,n,n,n,n,n,n,n,n,n,n,n,n,n,n,n,n,n,n,n,n,n,n,n,n,n,n,y,y,y,y,y,y,n,n,n,n,n,n,n,n,n,n,n,n,n,n,n,n,n,n,n,n,n,n,n,n,n,n
Jamaica,y,y,y,y,y,y,y,y,y,y,y,y,y,y,y,y,y,y,y,y,y,y,y,y,y,y,y,y,y,y,y,y,y,y,y,y,y,y,y,y,y,y,y,y,y,y,y,y,y,y,y,y,y,y,y,y,y,y,y,y,n,n,n,n,y,n,n,n
Johore,n,n,n,n,n,n,n,n,n,n,n,n,n,n,n,n,n,n,n,n,n,n,n,n,n,n,n,n,n,n,n,n,n,n,n,n,n,n,n,n,n,n,n,y,n,n,n,n,n,n,n,n,n,n,n,n,n,n,n,n,n,n,n,n,n,n,n,n
Kedah,n,n,n,n,n,n,n,n,n,n,n,n,n,n,n,n,n,n,n,n,n,n,n,n,n,n,n,n,n,n,n,n,n,n,n,n,n,n,n,n,n,n,n,y,n,n,n,n,n,n,n,n,n,n,n,n,n,n,n,n,n,n,n,n,n,n,n,n
Kelantan,n,n,n,n,n,n,n,n,n,n,n,n,n,n,n,n,n,n,n,n,n,n,n,n,n,n,n,n,n,n,n,n,n,n,n,n,n,n,n,n,n,n,n,y,n,n,n,n,n,n,n,n,n,n,n,n,n,n,n,n,n,n,n,n,n,n,n,n
Kenya,n,n,n,n,n,n,n,n,n,n,n,n,n,n,n,n,n,n,n,n,n,n,n,n,n,n,n,n,n,n,n,n,y,y,y,n,y,y,y,y,y,y,y,y,y,y,y,y,y,y,y,y,y,y,y,y,y,y,y,y,y,y,y,y,y,y,n,n
Kingdom Of Tonga,n,n,n,n,n,n,n,n,n,n,n,n,n,n,n,n,n,n,n,n,n,n,n,n,n,n,n,n,n,n,n,n,n,n,n,n,n,n,n,n,n,n,n,n,n,n,n,n,n,n,n,n,n,n,n,y,n,y,y,n,n,y,n,n,y,n,n,n
Labuan,y,y,y,y,y,y,y,y,y,y,y,y,y,y,y,y,y,y,y,y,y,n,n,n,n,n,n,n,n,y,n,n,n,y,n,n,n,n,n,n,n,n,n,n,n,n,n,n,n,n,n,n,n,n,n,n,n,n,n,n,n,n,n,n,n,n,n,n
Lagos,y,n,y,y,n,y,y,n,y,n,n,y,y,y,y,y,y,y,n,n,n,n,n,n,n,n,n,n,n,n,n,n,n,n,n,n,n,n,n,n,n,n,n,n,n,n,n,n,n,n,n,n,n,n,n,n,n,n,n,n,n,n,n,n,n,n,n,n
Leeward Islands,n,n,y,y,y,y,y,n,n,n,n,y,n,n,y,y,n,n,n,y,n,n,y,y,n,n,n,n,y,y,y,n,y,y,y,n,y,n,n,n,n,n,n,n,n,n,n,n,y,y,y,y,y,n,y,n,y,y,y,y,y,n,n,n,n,n,n,n
Leeward Islands   Antigua,n,n,n,n,n,n,n,y,n,n,n,n,n,n,n,n,n,n,n,n,n,n,n,n,n,n,n,n,n,n,n,n,n,n,n,n,n,n,n,n,n,n,n,n,n,n,n,n,n,n,n,n,n,n,n,n,n,n,n,n,n,n,n,n,n,n,n,n
Leeward Islands   Dominica,n,n,n,n,n,n,n,y,n,n,n,n,n,n,n,n,n,n,n,n,n,n,n,n,n,n,n,n,n,n,n,n,n,n,n,n,n,n,n,n,n,n,n,n,n,n,n,n,n,n,n,n,n,n,n,n,n,n,n,n,n,n,n,n,n,n,n,n
Leeward Islands   St. Christopher And Nevis,n,n,n,n,n,n,n,y,n,n,n,n,n,n,n,n,n,n,n,n,n,n,n,n,n,n,n,n,n,n,n,n,n,n,n,n,n,n,n,n,n,n,n,n,n,n,n,n,n,n,n,n,n,n,n,n,n,n,n,n,n,n,n,n,n,n,n,n
Leeward Islands   Virgin Islands,n,n,n,n,n,n,n,y,n,n,n,n,n,n,n,n,n,n,n,n,n,n,n,n,n,n,n,n,n,n,n,n,n,n,n,n,n,n,n,n,n,n,n,n,n,n,n,n,n,n,n,n,n,n,n,n,n,n,n,n,n,n,n,n,n,n,n,n
Leeward Islands Antigua,n,n,n,n,n,n,n,n,n,n,n,n,n,y,n,n,n,n,n,n,n,y,n,n,n,n,n,n,n,n,n,n,n,n,n,n,n,n,n,n,n,n,n,n,n,n,n,n,n,n,n,n,n,n,n,n,n,n,n,n,n,n,n,n,n,n,n,n
Leeward Islands Dominica,n,n,n,n,n,n,n,n,n,n,n,n,n,y,n,n,n,n,n,n,n,y,n,n,n,n,n,n,n,n,n,n,n,n,n,n,n,n,n,n,n,n,n,n,n,n,n,n,n,n,n,n,n,n,n,n,n,n,n,n,n,n,n,n,n,n,n,n
Leeward Islands Montserrat,n,n,n,n,n,n,n,n,n,n,n,n,n,y,n,n,n,n,n,n,n,y,n,n,n,n,n,n,n,n,n,n,n,n,n,n,n,n,n,n,n,n,n,n,n,n,n,n,n,n,n,n,n,n,n,n,n,n,n,n,n,n,n,n,n,n,n,n
Leeward Islands St Christopher Nevis,n,n,n,n,n,n,n,n,n,n,n,n,n,y,n,n,n,n,n,n,n,y,n,n,n,n,n,n,n,n,n,n,n,n,n,n,n,n,n,n,n,n,n,n,n,n,n,n,n,n,n,n,n,n,n,n,n,n,n,n,n,n,n,n,n,n,n,n
Leeward Islands Virgin Islands,n,n,n,n,n,n,n,n,n,n,n,n,n,y,n,n,n,n,n,n,n,y,n,n,n,n,n,n,n,n,n,n,n,n,n,n,n,n,n,n,n,n,n,n,n,n,n,n,n,n,n,n,n,n,n,n,n,n,n,n,n,n,n,n,n,n,n,n
Lord Howe Island,n,n,n,n,n,n,n,n,n,n,n,n,n,n,n,n,y,y,y,n,n,n,n,n,n,n,n,n,n,n,n,n,n,n,n,n,n,n,n,n,n,n,n,n,n,n,n,n,n,n,n,n,n,n,n,n,n,n,n,n,n,n,n,n,n,n,n,n
Malay States Not Included In The Federation,n,n,n,n,n,n,n,n,n,n,n,n,n,n,n,n,n,n,n,n,n,n,n,n,n,n,n,n,n,n,n,n,n,n,n,n,n,n,n,n,n,n,n,y,n,n,n,n,n,n,n,n,n,n,n,n,n,n,n,n,n,n,n,n,n,n,n,n
Malay States Unfederated,n,n,n,n,n,n,n,n,n,n,n,n,n,n,n,n,n,n,n,n,n,n,n,n,n,n,n,n,y,y,n,n,n,n,n,n,n,n,n,n,n,n,n,n,n,n,n,n,n,n,n,n,n,n,n,n,n,n,n,n,n,n,n,n,n,n,n,n
Malaya,n,n,n,n,n,n,n,n,n,n,n,n,n,n,n,n,n,n,n,n,n,n,n,n,n,n,n,n,n,n,n,n,n,n,n,n,n,n,n,n,n,n,n,n,n,n,n,n,n,n,n,n,n,n,n,n,y,n,n,n,n,n,n,n,n,n,n,n
Malaya  Federated Malay States,n,n,n,n,n,n,n,n,n,n,n,n,n,n,n,n,n,n,n,n,n,n,n,n,n,n,n,n,n,n,n,n,n,n,n,n,n,n,n,n,n,n,n,y,n,n,n,n,n,n,n,n,n,n,n,n,n,n,n,n,n,n,n,n,n,n,n,n
Malaya  Straits Settlements,n,n,n,n,n,n,n,n,n,n,n,n,n,n,n,n,n,n,n,n,n,n,n,n,n,n,n,n,n,n,n,n,n,n,n,n,n,n,n,n,n,n,n,y,n,n,y,n,n,n,n,n,n,n,n,n,n,n,n,n,n,n,n,n,n,n,n,n
Malaya Federated Malay States,n,n,n,n,n,n,n,n,n,n,n,n,n,n,n,n,n,n,n,n,n,n,n,n,n,n,n,n,n,n,n,n,n,n,n,n,n,n,n,n,n,n,n,n,y,n,n,n,n,n,n,n,n,n,n,n,n,n,n,n,n,n,n,n,n,n,n,n
Malaya Straits Settlements,n,n,n,n,n,n,n,n,n,n,n,n,n,n,n,n,n,n,n,n,n,n,n,n,n,n,n,n,n,n,n,n,n,n,n,n,n,n,n,n,n,n,n,n,y,y,n,y,n,n,n,n,n,n,n,n,n,n,n,n,n,n,n,n,n,n,n,n
Malaya Unfederated Malay States,n,n,n,n,n,n,n,n,n,n,n,n,n,n,n,n,n,n,n,n,n,n,n,n,n,n,n,n,n,n,n,n,n,n,n,n,n,n,n,n,n,n,n,n,y,n,n,n,n,n,n,n,n,n,n,n,n,n,n,n,n,n,n,n,n,n,n,n
Malaysia,n,n,n,n,n,n,n,n,n,n,n,n,n,n,n,n,n,n,n,n,n,n,n,n,n,n,n,n,n,n,n,n,n,n,n,n,n,n,n,n,n,n,n,n,n,n,n,n,n,n,n,n,n,n,n,n,n,n,n,n,n,n,n,n,n,y,n,n
Malta,n,y,y,n,y,y,y,n,y,n,n,y,n,y,y,n,y,y,y,y,y,y,y,y,y,y,y,y,y,y,y,y,y,y,y,y,n,n,y,y,y,n,y,y,y,y,y,y,y,y,y,y,y,y,y,y,y,y,y,y,y,y,y,y,n,y,y,n
Mauritius,n,y,y,y,y,y,y,y,y,y,y,y,y,y,y,y,y,y,y,y,y,y,y,y,y,y,y,y,y,y,y,y,y,y,y,y,y,y,y,y,y,y,y,y,y,y,y,y,y,y,y,y,y,y,y,y,y,y,y,y,y,y,y,y,y,y,y,y
Mesopotamia,n,n,n,n,n,n,n,n,n,n,n,n,n,n,n,n,n,n,n,n,n,n,n,n,n,n,n,n,n,n,n,y,n,n,n,n,n,n,n,n,n,n,n,n,n,n,n,n,n,n,n,n,n,n,n,n,n,n,n,n,n,n,n,n,n,n,n,n
Miscellaneous Islands,n,n,n,n,n,n,n,n,n,y,n,n,n,n,n,n,n,n,n,n,n,n,n,n,n,n,n,n,n,n,n,n,n,n,n,n,y,y,y,y,n,y,y,y,y,y,y,y,n,y,y,y,y,y,n,y,n,n,y,y,y,y,n,y,n,y,n,n
Montserrat,n,n,y,y,n,n,n,n,n,n,y,n,n,n,n,n,n,n,n,n,y,n,n,n,n,n,n,n,n,n,n,y,n,n,n,n,n,n,y,n,n,n,n,n,n,n,n,n,n,n,n,n,n,n,n,n,n,n,n,n,n,n,n,n,y,y,y,y
Natal,n,y,y,y,y,y,y,y,y,y,y,y,n,y,y,y,y,y,y,n,n,y,n,n,n,n,n,n,n,n,n,n,n,n,n,n,y,n,n,n,n,n,n,n,n,n,n,n,n,n,n,n,n,n,n,n,n,n,n,n,n,n,n,n,n,n,n,n
Nauru,n,n,n,n,n,n,n,n,n,n,n,n,n,n,n,n,n,n,n,n,n,n,n,n,n,n,n,n,n,n,n,n,n,n,n,y,n,n,n,n,n,n,n,n,n,n,n,n,n,n,n,n,n,n,n,n,n,n,n,n,n,n,n,n,n,n,n,n
Nevis,y,y,n,y,n,n,n,n,n,n,n,n,n,n,n,n,n,n,n,n,n,n,n,n,n,n,n,n,n,n,n,n,n,n,n,n,n,n,n,n,n,n,n,n,n,n,n,n,n,n,n,n,n,n,n,n,n,n,n,n,n,n,n,n,n,n,n,n
Nevis Ref,n,n,n,n,y,n,n,n,n,n,n,n,n,n,n,n,n,n,n,n,n,n,n,n,n,n,n,n,n,n,n,n,n,n,n,n,n,n,n,n,n,n,n,n,n,n,n,n,n,n,n,n,n,n,n,n,n,n,n,n,n,n,n,n,n,n,n,n
New Brunswick,y,n,n,n,n,n,n,n,n,n,n,n,n,n,n,n,n,n,n,n,y,n,n,n,n,n,n,n,n,n,n,n,n,n,n,n,n,n,n,n,n,n,n,n,n,n,n,n,n,n,n,n,n,n,n,n,n,n,n,n,n,n,n,n,n,n,n,n
New Hebrides,n,n,n,n,n,n,n,n,n,n,n,n,n,n,n,n,n,n,n,n,n,n,n,n,n,n,n,n,n,n,n,n,n,n,n,n,n,n,n,n,n,n,n,n,n,n,n,y,n,n,n,n,n,n,n,n,n,n,n,n,n,n,n,n,n,n,n,n
New South Wales,y,y,y,y,y,n,y,y,y,n,y,y,y,y,y,y,y,y,n,y,n,n,n,n,n,n,n,y,n,n,n,n,n,n,n,n,n,n,n,n,n,n,n,n,n,n,n,n,n,n,n,n,n,n,n,n,n,n,n,n,n,n,n,n,n,n,n,n
New Zealand,y,y,y,y,y,y,y,y,y,y,y,y,y,y,y,y,y,y,y,y,y,n,n,y,y,y,y,y,y,y,y,n,y,n,n,n,n,n,n,n,n,n,n,n,n,n,n,n,n,n,n,n,n,n,n,n,n,n,n,n,n,n,n,n,n,n,n,n
New Zealand Dependencies,n,n,n,n,n,n,n,n,n,n,n,n,n,n,n,n,n,n,n,n,n,n,n,n,n,n,n,n,n,n,n,n,n,n,y,n,n,n,n,n,n,n,n,n,n,n,n,n,n,n,n,n,n,n,n,n,n,n,n,n,n,n,n,n,n,n,n,n
Newfoundland,y,y,y,y,y,y,y,y,y,y,y,y,y,y,y,y,n,y,y,y,y,y,y,y,y,y,y,y,y,y,y,y,n,n,y,n,y,n,n,n,n,n,n,n,n,n,n,n,n,n,n,n,n,n,n,n,n,n,n,n,n,n,n,n,n,n,n,n
Niger Coast Protectorate,n,n,n,n,n,n,n,n,n,n,y,n,y,y,n,n,n,n,n,n,n,n,n,n,n,n,n,n,n,n,n,n,n,n,n,n,n,n,n,n,n,n,n,n,n,n,n,n,n,n,n,n,n,n,n,n,n,n,n,n,n,n,n,n,n,n,n,n
Niger Protectorate,n,n,n,n,n,n,n,n,n,y,n,n,n,n,n,n,n,n,n,n,n,n,n,n,n,n,n,n,n,n,n,n,n,n,n,n,n,n,n,n,n,n,n,n,n,n,n,n,n,n,n,n,n,n,n,n,n,n,n,n,n,n,n,n,n,n,n,n
Nigeria,n,n,n,n,n,n,n,n,n,n,n,n,n,n,n,n,n,n,n,n,n,n,n,n,n,y,y,y,y,y,y,y,y,y,y,y,y,y,y,y,y,y,y,y,y,y,y,y,y,y,y,y,y,y,y,y,y,n,n,n,y,n,n,n,n,n,n,n
Norfolk Island,n,n,n,n,n,n,n,n,n,y,n,n,n,y,n,y,y,y,n,n,n,n,n,n,n,n,n,y,n,n,n,n,n,n,n,n,n,n,n,n,n,n,n,n,n,n,n,n,n,n,n,n,n,n,n,n,n,n,n,n,n,n,n,n,n,n,n,n
North Borneo,n,n,n,n,n,n,n,n,n,n,n,n,n,y,n,y,y,y,y,y,n,y,n,y,y,n,n,n,y,y,y,y,n,n,n,n,y,y,y,y,y,y,y,y,y,y,y,y,y,y,y,y,y,y,y,y,y,y,y,y,n,y,y,y,y,n,n,n
Northern Nigeria,n,n,n,n,n,n,n,n,n,n,n,n,n,n,n,y,y,y,y,y,y,y,y,y,y,n,n,n,n,n,n,n,n,n,n,n,n,n,n,n,n,n,n,n,n,n,n,n,n,n,n,n,n,n,n,n,n,n,n,n,n,n,n,n,n,n,n,n
Northern Rhodesia,n,n,n,n,n,n,n,n,n,n,n,n,n,n,n,n,n,n,n,n,n,n,n,n,n,n,n,n,n,n,n,n,y,n,y,y,y,y,y,y,y,y,y,y,y,y,y,y,y,y,y,y,y,y,y,y,y,y,y,y,y,y,y,y,y,y,n,n
Northern Territory,n,n,n,n,n,n,n,n,n,n,n,n,n,n,n,n,n,n,n,n,y,n,n,n,n,n,n,n,n,n,n,n,n,n,n,n,n,n,n,n,n,n,n,n,n,n,n,n,n,n,n,n,n,n,n,n,n,n,n,n,n,n,n,n,n,n,n,n
Nova Scotia,y,n,n,n,n,n,n,n,n,n,n,n,n,n,n,n,n,n,n,n,y,n,n,n,n,n,n,n,n,n,n,n,n,n,n,n,n,n,n,n,n,n,n,n,n,n,n,n,n,n,n,n,n,n,n,n,n,n,n,n,n,n,n,n,n,n,n,n
Nyasaland,n,n,n,n,n,n,n,n,n,n,n,n,n,n,n,n,n,n,n,n,n,n,n,n,n,n,n,n,n,n,n,n,y,y,y,n,n,n,n,n,n,n,n,n,n,n,n,n,y,n,n,n,n,n,n,n,y,n,n,n,y,n,n,n,n,y,n,n
Nyasaland Protectorate,n,n,n,n,n,n,n,n,n,n,n,n,n,n,n,n,n,n,n,y,y,y,y,y,y,y,y,y,y,y,y,y,n,n,n,y,n,y,y,y,y,y,y,y,y,y,y,y,n,y,y,y,y,y,y,y,n,y,y,y,n,y,y,y,y,n,n,n
Ontario,n,n,n,n,n,n,n,n,n,n,n,n,n,n,n,n,n,n,n,n,y,n,n,n,n,n,n,n,n,n,n,n,n,n,n,n,n,n,n,n,n,n,n,n,n,n,n,n,n,n,n,n,n,n,n,n,n,n,n,n,n,n,n,n,n,n,n,n
Orange River Colony,n,n,n,n,n,n,n,n,n,n,n,n,n,n,n,n,y,y,y,y,y,n,n,n,n,n,n,n,n,n,n,n,n,n,n,n,n,n,n,n,n,n,n,n,n,n,n,n,n,n,n,n,n,n,n,n,n,n,n,n,n,n,n,n,n,n,n,n
Other Miscellaneous Possessions,n,n,n,n,n,n,n,n,n,n,n,n,n,n,n,n,n,n,n,n,n,n,n,n,y,n,n,n,n,n,n,n,n,n,n,n,n,n,n,n,n,n,n,n,n,n,n,n,n,n,n,n,n,n,n,n,n,n,n,n,n,n,n,n,n,n,n,n
Palestine,n,n,n,n,n,n,n,n,n,n,n,n,n,n,n,n,n,n,n,n,n,n,n,n,n,n,n,n,n,n,n,y,n,y,y,y,y,y,y,y,y,y,y,y,y,y,y,y,y,n,n,n,n,n,n,n,n,n,n,n,n,n,n,n,n,n,n,n
Papua,n,n,n,n,n,n,n,n,n,n,n,n,n,n,n,n,n,n,n,n,y,n,y,n,y,n,n,y,n,n,n,n,n,n,n,n,n,n,n,n,n,n,n,n,n,n,n,n,n,n,n,n,n,n,n,n,n,n,n,n,n,n,n,n,n,n,n,n
Perlis,n,n,n,n,n,n,n,n,n,n,n,n,n,n,n,n,n,n,n,n,n,n,n,n,n,n,n,n,n,n,n,n,n,n,n,n,n,n,n,n,n,n,n,y,n,n,n,n,n,n,n,n,n,n,n,n,n,n,n,n,n,n,n,n,n,n,n,n
Pitcairn Island,n,n,n,n,n,n,n,n,n,y,n,n,n,n,n,y,n,n,n,y,n,n,n,n,n,n,n,n,n,n,n,n,n,n,n,n,n,n,n,n,n,n,n,n,n,n,n,y,n,n,n,n,n,n,n,n,n,n,n,n,n,n,n,n,n,n,n,n
Pitcairn Islands,n,n,n,n,n,n,n,n,n,n,n,n,n,n,n,n,n,n,n,n,n,n,n,n,n,n,n,n,n,n,n,n,n,n,n,n,n,n,n,n,n,n,n,n,n,n,n,n,n,n,n,n,n,n,n,n,n,n,n,n,n,n,n,n,n,y,n,y
Pitcairn Islands Group,n,n,n,n,n,n,n,n,n,n,n,n,n,n,n,n,n,n,n,n,n,n,n,n,n,n,n,n,n,n,n,n,n,n,n,n,n,n,n,n,n,n,n,n,n,n,n,n,n,n,n,n,n,n,n,n,n,n,n,n,n,n,n,n,n,n,y,n
Prince Edward Island,y,n,n,n,n,n,n,n,y,n,n,n,n,n,n,n,n,n,n,n,y,n,n,n,n,n,n,n,n,n,n,n,n,n,n,n,n,n,n,n,n,n,n,n,n,n,n,n,n,n,n,n,n,n,n,n,n,n,n,n,n,n,n,n,n,n,n,n
Queensland,y,y,y,y,y,y,y,y,y,y,y,y,y,y,y,y,y,y,y,n,n,n,n,n,n,n,n,y,n,n,n,n,n,n,n,n,n,n,n,n,n,n,n,n,n,n,n,n,n,n,n,n,n,n,n,n,n,n,n,n,n,n,n,n,n,n,n,n
Republic Of Cyprus,n,n,n,n,n,n,n,n,n,n,n,n,n,n,n,n,n,n,n,n,n,n,n,n,n,n,n,n,n,n,n,n,n,n,n,n,n,n,n,n,n,n,n,n,n,n,n,n,n,n,n,n,n,n,n,n,n,n,n,n,n,n,y,n,n,n,n,n
Rhodesia,n,n,n,n,n,n,n,n,n,n,n,n,n,y,y,y,y,y,y,y,n,y,n,n,n,n,n,y,n,n,n,y,n,y,n,n,n,n,n,n,n,n,n,n,n,n,n,n,n,n,n,n,n,n,n,n,n,n,n,n,n,n,n,n,n,n,n,n
Rhodesia And Nyasaland,n,n,n,n,n,n,n,n,n,n,n,n,n,n,n,n,n,n,n,n,n,n,n,n,n,n,n,n,n,n,n,n,n,n,n,n,n,n,n,n,n,n,n,n,n,n,n,n,n,n,n,n,n,n,n,n,y,n,n,n,y,n,n,n,n,n,n,n
Rodrigues,n,n,n,n,n,n,n,n,y,y,n,n,n,n,n,n,n,n,n,n,n,n,n,n,n,n,n,n,n,n,n,n,n,n,n,n,n,n,n,n,n,n,n,n,n,n,n,n,n,n,n,n,n,n,n,n,n,n,n,n,n,n,n,n,n,n,n,n
Saint Vincent,y,n,n,n,n,n,n,n,n,n,n,n,n,n,n,n,n,n,n,n,n,n,n,n,n,n,n,n,n,n,n,n,n,n,n,n,n,n,n,n,n,n,n,n,n,n,n,n,n,n,n,n,n,n,n,n,n,n,n,n,n,n,n,n,n,n,n,n
Sarawak,n,n,n,n,n,n,n,n,n,y,y,n,y,y,n,y,n,n,n,y,n,y,n,y,y,n,n,n,y,y,y,y,n,n,n,n,n,n,y,n,y,n,y,y,y,y,y,y,n,y,y,y,y,y,y,y,y,y,y,y,y,y,y,y,y,y,n,n
Seychelles,n,n,n,n,n,n,n,n,n,n,y,y,n,y,y,y,y,y,y,y,y,y,y,y,y,y,y,y,y,y,y,y,y,n,y,y,y,y,y,y,y,y,y,y,y,y,y,y,y,y,y,y,y,y,y,y,y,y,y,y,y,y,y,y,y,y,y,y
Seychelles Islands,n,n,n,n,n,n,n,n,y,y,n,n,n,n,n,n,n,n,n,n,n,n,n,n,n,n,n,n,n,n,n,n,n,n,n,n,n,n,n,n,n,n,n,n,n,n,n,n,n,n,n,n,n,n,n,n,n,n,n,n,n,n,n,n,n,n,n,n
Sierra Leone,y,y,y,y,y,y,y,y,y,n,y,y,n,y,y,y,y,y,y,y,y,y,y,y,y,y,y,y,y,y,y,y,y,y,y,y,y,y,y,y,y,y,y,y,y,y,y,y,y,y,y,y,y,y,y,y,y,y,y,y,y,y,n,y,n,n,n,n
Singapore,y,n,n,n,n,n,n,n,n,n,n,n,n,n,n,n,n,n,n,n,n,n,n,n,n,n,n,n,n,n,n,n,n,n,n,n,n,n,n,n,n,n,n,n,n,n,n,n,y,y,y,n,y,n,n,y,y,y,y,y,y,n,n,n,n,y,n,n
Singapore And Dependencies,n,n,n,n,n,n,n,n,n,n,n,n,n,n,n,n,n,n,n,n,n,n,n,n,n,n,n,n,n,n,n,n,n,n,n,n,n,n,n,n,n,n,n,n,n,n,n,n,n,n,n,y,n,y,y,n,n,n,n,n,n,n,n,n,n,n,n,n
Somaliland,n,n,n,n,n,n,n,n,n,n,n,n,n,n,n,n,n,n,n,n,n,n,n,n,n,n,n,n,n,n,n,n,y,y,y,n,n,n,n,n,n,n,n,n,n,n,n,n,n,n,n,n,n,n,n,n,y,n,n,n,y,n,n,n,n,n,n,n
Somaliland Protectorate,n,n,n,n,n,n,n,n,n,n,n,n,n,n,n,n,y,y,y,y,y,n,y,y,y,y,y,y,y,y,y,n,n,n,n,y,n,n,n,y,n,y,y,y,y,y,y,y,y,y,n,y,y,y,y,y,n,y,y,y,n,y,y,n,n,n,n,n
South Africa,n,n,n,n,n,n,n,n,n,y,y,y,n,n,y,y,n,n,n,y,n,n,n,y,y,y,y,y,y,y,y,n,y,n,n,n,n,n,n,n,n,n,n,n,n,n,n,n,n,n,n,n,n,n,n,n,n,n,n,n,n,n,n,n,n,n,n,n
South Australia,y,y,y,y,y,y,y,y,y,y,y,y,y,y,y,y,y,y,y,y,y,n,n,n,n,n,n,y,n,n,n,n,n,n,n,n,n,n,n,n,n,n,n,n,n,n,n,n,n,n,n,n,n,n,n,n,n,n,n,n,n,n,n,n,n,n,n,n
Southern Nigeria,n,n,n,n,n,n,n,n,n,n,n,n,n,n,n,y,y,y,y,y,y,y,y,y,y,n,n,n,n,n,n,n,n,n,n,n,n,n,n,n,n,n,n,n,n,n,n,n,n,n,n,n,n,n,n,n,n,n,n,n,n,n,n,n,n,n,n,n
Southern Rhodesia,n,n,n,n,n,n,n,n,n,n,n,n,n,n,n,n,n,n,n,n,n,n,n,n,n,n,n,n,n,n,n,n,n,n,n,y,y,n,n,n,n,n,n,n,n,n,n,n,n,n,n,n,n,n,n,n,n,n,n,n,n,n,n,n,n,n,n,n
Southern Rhodesia Administration,n,n,n,n,n,n,n,n,n,n,n,n,n,n,n,n,n,n,n,n,n,n,y,n,n,n,n,n,n,n,n,n,n,n,n,n,n,n,n,n,n,n,n,n,n,n,n,n,n,n,n,n,n,n,n,n,n,n,n,n,n,n,n,n,n,n,n,n
St Christopher And Nevis,n,n,n,n,n,n,n,n,n,n,y,y,n,n,n,n,n,n,n,n,n,n,n,n,n,n,n,n,n,n,n,y,n,n,n,n,n,n,y,n,n,n,n,n,n,n,n,n,n,n,n,n,n,n,n,n,n,n,n,n,n,n,n,n,n,n,n,n
St Christopher Nevis And Anguilla,n,y,n,n,n,n,n,n,n,n,n,n,n,n,n,n,n,n,n,n,n,n,n,n,n,n,n,n,n,n,n,n,n,n,n,n,n,n,n,n,n,n,n,n,n,n,n,n,n,n,n,n,n,n,n,n,n,n,n,n,n,n,n,n,y,n,n,n
St Christopher Nevis Anguilla,n,n,n,n,n,n,n,n,n,n,n,n,n,n,n,n,n,n,n,n,n,n,n,n,n,n,n,n,n,n,n,n,n,n,n,n,n,n,n,n,n,n,n,n,n,n,n,n,n,n,n,n,n,n,n,n,n,n,n,n,n,n,n,n,n,y,y,y
St Christophers And Anguilla And Nevis,y,n,n,n,n,n,n,n,n,n,n,n,n,n,n,n,n,n,n,n,n,n,n,n,n,n,n,n,n,n,n,n,n,n,n,n,n,n,n,n,n,n,n,n,n,n,n,n,n,n,n,n,n,n,n,n,n,n,n,n,n,n,n,n,n,n,n,n
St Helena,y,y,n,y,y,y,y,n,y,n,y,y,n,y,y,n,y,y,y,y,n,y,y,y,y,n,n,n,y,y,y,y,n,y,y,y,y,y,y,y,y,y,y,y,n,y,y,n,y,y,y,y,y,y,y,y,y,y,y,n,y,y,y,n,y,y,y,y
St Lucia,y,n,n,y,y,n,n,n,n,y,y,y,n,n,y,n,n,n,n,n,n,n,y,y,n,n,n,n,n,n,n,y,n,n,n,n,y,y,y,n,n,y,n,n,n,n,n,n,n,n,n,n,n,n,n,n,n,n,n,n,n,n,n,n,y,y,y,y
St Vincent,n,y,n,y,y,n,n,n,n,y,y,y,n,n,y,n,n,n,n,n,n,n,y,y,n,n,n,n,n,n,n,y,n,n,n,n,y,y,y,n,n,y,n,n,n,n,n,n,n,n,n,n,n,n,n,n,n,n,n,n,n,n,n,n,y,y,y,y
St. Helena,n,n,n,n,n,n,n,y,n,n,n,n,y,n,n,n,n,n,n,n,y,n,n,n,n,n,n,y,n,n,n,n,n,n,n,n,n,n,n,n,n,n,n,n,y,n,n,y,n,n,n,n,n,n,n,n,n,n,n,y,n,n,n,y,n,n,n,n
St. Lucia,n,n,n,n,n,n,n,n,n,n,n,n,y,n,n,n,n,n,n,n,y,n,n,n,n,n,n,y,n,n,n,n,n,n,n,n,n,n,n,n,n,n,n,n,n,n,n,n,n,n,n,n,n,n,n,n,n,n,n,n,n,n,n,n,n,n,n,n
St. Vincent,n,n,n,n,n,n,n,n,n,n,n,n,y,n,n,n,n,n,n,n,y,n,n,n,n,n,n,y,n,n,n,n,n,n,n,n,n,n,n,n,n,n,n,n,n,n,n,n,n,n,n,n,n,n,n,n,n,n,n,n,n,n,n,n,n,n,n,n
State Of Malta,n,n,n,n,n,n,n,n,n,n,n,n,n,n,n,n,n,n,n,n,n,n,n,n,n,n,n,n,n,n,n,n,n,n,n,n,n,n,n,n,n,n,n,n,n,n,n,n,n,n,n,n,n,n,n,n,n,n,n,n,n,n,n,n,y,n,n,n
State Of Singapore,n,n,n,n,n,n,n,n,n,n,n,n,n,n,n,n,n,n,n,n,n,n,n,n,n,n,n,n,n,n,n,n,n,n,n,n,n,n,n,n,n,n,n,n,n,n,n,n,n,n,n,n,n,n,n,n,n,n,n,n,n,y,n,y,y,n,n,n
Straits Settlements,y,y,y,y,y,n,y,y,y,y,y,y,y,y,y,y,y,n,y,y,n,y,y,y,y,y,y,y,y,y,y,y,y,y,y,y,y,y,y,y,y,y,y,n,n,n,n,n,n,n,n,n,n,n,n,n,n,n,n,n,n,n,n,n,n,n,n,n
Swaziland,n,n,n,n,n,n,n,n,n,n,n,n,n,n,n,n,n,n,n,y,y,y,y,n,n,n,n,y,n,n,y,y,y,y,y,y,y,n,n,n,n,n,n,n,n,n,n,n,n,n,n,n,n,n,n,y,n,n,n,n,n,n,n,y,n,n,y,y
Tanganyika,n,n,n,n,n,n,n,n,n,n,n,n,n,n,n,n,n,n,n,n,n,n,n,n,n,n,n,n,n,n,n,n,y,y,y,n,n,n,n,n,n,n,n,n,n,n,n,n,n,y,y,y,y,y,y,y,y,y,y,y,y,y,y,y,n,n,n,n
Tanganyika Territory,n,n,n,n,n,n,n,n,n,n,n,n,n,n,n,n,n,n,n,n,n,n,n,n,n,n,n,n,n,n,y,y,n,n,n,y,n,n,n,y,n,y,y,y,y,y,y,y,n,n,n,n,n,n,n,n,n,n,n,n,n,n,n,n,n,n,n,n
Tasmania,y,y,y,y,y,n,y,y,y,n,y,y,y,y,y,y,y,y,y,y,y,n,n,n,n,n,n,y,n,n,n,n,n,n,n,n,n,n,n,n,n,n,n,n,n,n,n,n,n,n,n,n,n,n,n,n,n,n,n,n,n,n,n,n,n,n,n,n
The Bechuanaland Protectorate,n,n,n,n,n,n,n,n,n,n,n,n,n,n,n,n,n,n,n,n,n,n,n,n,n,n,n,n,n,n,n,n,n,n,n,n,n,n,n,n,n,n,n,n,n,n,n,n,n,n,n,n,n,n,n,n,n,n,n,n,n,n,n,y,n,n,n,n
The British Solomon Islands Protectorate,n,n,n,n,n,n,n,n,n,n,n,n,n,n,n,n,n,n,n,n,n,n,n,n,n,n,n,n,n,n,n,n,n,n,n,n,n,n,n,n,n,n,n,n,n,n,n,y,n,n,n,n,n,n,n,n,n,n,n,n,n,n,n,n,n,n,n,n
The British Sphere Of Togoland,n,n,n,n,n,n,n,n,n,n,n,n,n,n,n,n,n,n,n,n,n,n,n,n,n,n,n,n,n,n,n,n,n,n,n,y,n,n,n,n,n,n,n,n,n,n,n,n,n,n,n,n,n,n,n,n,n,n,n,n,n,n,n,n,n,n,n,n
The Cameroons,n,n,n,n,n,n,n,n,n,n,n,n,n,n,n,n,n,n,n,n,n,n,n,n,n,n,n,n,n,n,n,n,n,n,n,n,n,n,n,n,n,n,n,n,n,n,n,n,n,n,n,n,n,n,n,n,n,n,n,n,n,n,n,y,n,n,n,n
The Commonwealth,n,n,n,n,n,n,n,n,n,n,n,n,n,n,n,n,n,n,n,n,n,n,n,n,n,n,n,y,n,n,n,n,n,n,n,n,n,n,n,n,n,n,n,n,n,n,n,n,n,n,n,n,n,n,n,n,n,n,n,n,n,n,n,n,n,n,n,n
The Commonwealth Of Australia,n,n,n,n,n,n,n,n,n,n,n,n,n,n,n,n,y,y,y,n,n,n,n,n,n,n,n,n,n,n,n,n,n,n,n,n,n,n,n,n,n,n,n,n,n,n,n,n,n,n,n,n,n,n,n,n,n,n,n,n,n,n,n,n,n,n,n,n
The Federated Malay States,n,n,n,n,n,n,n,n,n,n,n,n,n,n,n,n,n,y,n,n,n,n,n,n,n,n,n,n,n,n,n,n,n,n,n,n,n,n,n,n,n,n,n,n,n,n,n,n,n,n,n,n,n,n,n,n,n,n,n,n,n,n,n,n,n,n,n,n
The Federation Of Rhodesia And Nyasaland,n,n,n,n,n,n,n,n,n,n,n,n,n,n,n,n,n,n,n,n,n,n,n,n,n,n,n,n,n,n,n,n,n,n,n,n,n,n,n,n,n,n,n,n,n,n,n,n,n,n,n,n,n,n,n,y,n,n,n,n,n,n,n,n,n,n,n,n
The Gambia,y,n,n,n,y,n,n,n,y,y,y,y,y,n,n,n,y,y,y,n,y,y,n,n,y,y,y,y,n,n,n,y,n,n,n,y,n,y,y,y,y,y,y,y,y,y,y,y,n,y,n,n,n,y,n,y,n,y,y,n,n,y,y,y,y,n,n,n
The Gilbert And Ellice Islands Colony,n,n,n,n,n,n,n,n,n,n,n,n,n,n,n,n,n,n,n,n,n,n,n,n,n,n,n,n,n,n,n,n,n,n,n,y,n,n,n,n,n,n,n,n,n,n,n,y,n,n,n,n,n,n,n,n,n,n,n,n,n,n,n,n,n,n,n,n
The Gold Coast,n,n,y,n,n,n,n,n,n,n,n,n,n,n,n,n,y,y,y,n,y,y,n,n,y,y,y,y,n,n,n,y,n,n,n,n,n,y,y,y,y,y,y,y,y,y,y,y,n,n,n,n,n,y,n,y,n,y,n,n,n,n,n,n,n,n,n,n
The Gold Coast Colony,n,y,n,n,y,n,n,n,y,y,y,y,y,n,n,n,n,n,n,n,n,n,n,n,n,n,n,n,n,n,n,n,n,n,n,y,n,n,n,n,n,n,n,n,n,n,n,n,n,n,n,n,n,n,n,n,n,n,n,n,n,n,n,n,n,n,n,n
The High Commission Territories,n,n,n,n,n,n,n,n,n,n,n,n,n,n,n,n,n,n,n,n,n,n,n,n,n,n,n,n,n,n,n,n,n,n,n,n,n,n,n,n,n,n,n,n,n,n,n,n,n,n,n,n,n,y,n,n,n,n,n,n,n,y,n,y,y,n,n,n
The Kenya Colony And Protectorate,n,n,n,n,n,n,n,n,n,n,n,n,n,n,n,n,n,n,n,n,n,n,n,n,n,n,n,n,n,n,n,n,n,n,n,y,n,n,n,n,n,n,n,n,n,n,n,n,n,n,n,n,n,n,n,n,n,n,n,n,n,n,n,n,n,n,n,n
The Leeward Islands,n,y,n,n,n,n,n,n,y,y,y,n,y,n,n,n,y,y,y,n,y,n,n,n,y,y,y,y,n,n,n,y,n,n,n,y,n,y,y,y,y,y,y,y,y,y,y,y,n,n,n,n,n,y,n,y,n,n,n,n,n,n,n,n,n,n,n,n
The Niger Territories,n,n,n,n,n,n,n,n,n,n,y,n,n,n,n,n,n,n,n,n,n,n,n,n,n,n,n,n,n,n,n,n,n,n,n,n,n,n,n,n,n,n,n,n,n,n,n,n,n,n,n,n,n,n,n,n,n,n,n,n,n,n,n,n,n,n,n,n
The Northern Territories,n,n,n,n,n,n,n,n,n,n,n,n,n,n,n,n,n,n,n,n,y,n,n,n,n,n,n,n,n,n,n,n,n,n,n,n,n,n,n,n,n,n,n,n,n,n,n,n,n,n,n,n,n,n,n,n,n,n,n,n,n,n,n,n,n,n,n,n
The Northern Territory,n,n,n,n,n,n,n,n,n,n,n,n,n,n,n,n,n,n,n,n,n,n,n,n,n,n,n,y,n,n,n,n,n,n,n,n,n,n,n,n,n,n,n,n,n,n,n,n,n,n,n,n,n,n,n,n,n,n,n,n,n,n,n,n,n,n,n,n
The Territory Of New Guinea,n,n,n,n,n,n,n,n,n,n,n,n,n,n,n,n,n,n,n,n,n,n,n,n,n,n,n,n,n,n,n,n,n,n,n,y,n,n,n,n,n,n,n,n,n,n,n,n,n,n,n,n,n,n,n,n,n,n,n,n,n,n,n,n,n,n,n,n
The Transvaal,n,n,y,n,y,n,n,n,n,n,n,n,n,n,n,n,n,n,n,n,n,n,n,n,n,n,n,n,n,n,n,n,n,n,n,n,n,n,n,n,n,n,n,n,n,n,n,n,n,n,n,n,n,n,n,n,n,n,n,n,n,n,n,n,n,n,n,n
The West Indies - Barbados,n,n,n,n,n,n,n,n,n,n,n,n,n,n,n,n,n,n,n,n,n,n,n,n,n,n,n,n,n,n,n,n,n,n,n,n,n,n,n,n,n,n,n,n,n,n,n,n,n,n,n,n,n,n,n,n,n,n,n,n,n,n,n,y,n,n,n,n
The West Indies - Trinidad And Tobago,n,n,n,n,n,n,n,n,n,n,n,n,n,n,n,n,n,n,n,n,n,n,n,n,n,n,n,n,n,n,n,n,n,n,n,n,n,n,n,n,n,n,n,n,n,n,n,n,n,n,n,n,n,n,n,n,n,n,n,n,n,n,n,y,n,n,n,n
The West Indies Federation,n,n,n,n,n,n,n,n,n,n,n,n,n,n,n,n,n,n,n,n,n,n,n,n,n,n,n,n,n,n,n,n,n,n,n,n,n,n,n,n,n,n,n,n,n,n,n,n,n,n,n,n,n,n,n,n,n,n,n,n,n,y,n,y,n,n,n,n
The Windward Islands,n,y,n,n,y,n,n,n,y,y,y,n,n,n,n,n,y,y,y,n,n,n,n,n,y,y,y,n,n,n,n,n,n,n,n,y,n,n,y,y,y,n,y,y,y,y,y,y,n,n,n,n,n,y,n,y,n,y,n,n,n,n,n,n,n,n,n,n
Tobago,y,y,n,y,n,y,n,n,y,y,y,n,y,n,n,n,n,n,n,n,y,n,n,n,n,n,n,y,n,n,y,y,n,n,n,n,n,n,n,n,n,n,n,n,n,n,n,n,n,n,n,n,n,n,n,n,n,n,n,n,n,n,n,n,n,n,n,n
Tobago Ref,n,n,n,n,y,n,n,n,n,n,n,n,n,n,n,n,n,n,n,n,n,n,n,n,n,n,n,n,n,n,n,n,n,n,n,n,n,n,n,n,n,n,n,n,n,n,n,n,n,n,n,n,n,n,n,n,n,n,n,n,n,n,n,n,n,n,n,n
Tobago Windward,n,n,n,y,y,n,n,n,n,n,n,n,n,n,n,n,n,n,n,n,n,n,n,n,n,n,n,n,n,n,n,n,n,n,n,n,n,n,n,n,n,n,n,n,n,n,n,n,n,n,n,n,n,n,n,n,n,n,n,n,n,n,n,n,n,n,n,n
Togoland,n,n,n,n,n,n,n,n,n,n,n,n,n,n,n,n,n,n,n,n,n,n,n,n,n,n,n,n,n,n,y,y,n,n,n,n,n,n,n,n,n,n,n,n,n,n,n,n,n,n,n,n,n,n,n,n,n,n,n,n,n,n,n,n,n,n,n,n
Tonga,n,n,n,n,n,n,n,n,n,n,n,n,n,n,n,n,n,n,n,n,n,n,n,n,n,n,n,n,n,n,n,n,n,n,n,n,n,n,n,n,y,n,n,y,n,n,y,y,n,n,n,n,n,n,y,n,y,n,n,y,y,n,y,y,n,y,y,y
Trans Jordan,n,n,n,n,n,n,n,n,n,n,n,n,n,n,n,n,n,n,n,n,n,n,n,n,n,n,n,n,n,n,n,n,n,n,n,n,y,n,n,n,n,n,n,n,n,n,n,n,n,n,n,n,n,n,n,n,n,n,n,n,n,n,n,n,n,n,n,n
Trans-Jordan,n,n,n,n,n,n,n,n,n,n,n,n,n,n,n,n,n,n,n,n,n,n,n,n,n,n,n,n,n,n,n,n,n,n,n,n,n,n,y,n,n,n,n,n,y,n,n,y,n,n,n,n,n,n,n,n,n,n,n,n,n,n,n,n,n,n,n,n
Transjordan,n,n,n,n,n,n,n,n,n,n,n,n,n,n,n,n,n,n,n,n,n,n,n,n,n,n,n,n,n,n,n,n,n,n,n,n,n,y,n,n,y,y,y,y,n,n,y,n,n,n,n,n,n,n,n,n,n,n,n,n,n,n,n,n,n,n,n,n
Transvaal,n,n,n,y,n,n,n,n,n,n,n,n,n,n,n,n,n,y,y,y,n,n,n,n,n,n,n,n,n,n,n,n,n,n,n,n,n,n,n,n,n,n,n,n,n,n,n,n,n,n,n,n,n,n,n,n,n,n,n,n,n,n,n,n,n,n,n,n
Trengganu,n,n,n,n,n,n,n,n,n,n,n,n,n,n,n,n,n,n,n,n,n,n,n,n,n,n,n,n,n,n,n,n,n,n,n,n,n,n,n,n,n,n,n,y,n,n,n,n,n,n,n,n,n,n,n,n,n,n,n,n,n,n,n,n,n,n,n,n
Trinidad,y,y,y,y,y,y,y,y,y,y,y,y,y,y,n,n,n,n,n,y,y,n,y,n,n,n,n,n,y,y,y,y,n,n,n,n,n,n,n,n,n,n,n,n,y,n,n,n,y,y,n,n,n,n,n,n,n,n,n,n,n,n,n,n,n,n,n,n
Trinidad And Tobago,n,n,n,n,n,n,n,n,n,y,n,y,n,n,y,y,y,y,y,n,n,y,n,y,y,y,y,y,n,n,n,n,y,n,y,y,y,y,y,y,y,y,y,y,n,y,y,y,n,n,y,y,y,y,y,y,y,y,y,y,n,n,n,n,y,n,n,n
Trinidad Tobago,n,n,n,n,n,n,n,n,n,n,n,n,n,n,n,n,n,n,n,n,n,n,n,n,n,n,n,n,n,n,n,n,n,y,n,n,n,n,n,n,n,n,n,n,n,n,n,n,n,n,n,n,n,n,n,n,n,n,n,n,n,n,n,n,n,n,n,n
Tristan D Acunha,n,n,n,n,n,n,n,n,n,n,n,n,n,n,n,y,n,n,n,n,n,n,n,n,n,n,n,n,n,n,n,n,n,n,n,n,n,n,n,n,n,n,n,n,n,n,n,n,n,n,n,n,n,n,n,n,n,n,n,n,n,n,n,n,n,n,n,n
Tristan Da Cunha,n,n,n,n,n,n,n,n,n,n,n,n,n,y,n,n,y,y,y,n,n,n,n,n,n,n,n,n,y,y,y,n,n,n,n,n,y,y,y,y,n,y,y,y,n,y,y,y,n,n,n,n,n,n,n,n,n,n,n,n,n,n,n,n,n,n,n,n
Turks And Caicos,n,n,n,n,n,n,y,n,n,n,n,n,n,n,n,n,n,n,n,n,n,n,n,n,n,n,n,n,n,n,n,n,n,n,n,n,n,n,n,n,n,n,n,n,n,n,n,n,n,n,n,n,n,n,n,n,n,n,n,n,n,n,n,n,n,n,n,n
Turks And Caicos Islands,y,y,y,y,y,y,n,n,y,y,n,y,n,y,y,y,y,y,y,n,n,y,y,y,y,y,y,y,y,y,y,n,n,n,n,n,n,y,y,y,n,y,y,y,y,y,y,y,n,n,n,n,n,n,n,n,y,n,n,n,n,n,n,n,y,y,y,y
Uganda,n,n,n,n,n,n,n,n,n,n,n,n,n,n,n,y,y,y,y,n,y,y,y,y,y,y,y,y,y,y,y,y,y,y,y,y,y,y,y,y,y,y,y,y,y,y,y,y,n,y,y,y,y,y,y,y,y,y,y,y,y,y,y,y,y,n,n,n
Unfederated Malay States,n,n,n,n,n,n,n,n,n,n,n,n,n,n,n,n,n,n,n,n,n,n,n,n,n,n,n,n,n,n,n,n,n,n,y,n,n,n,n,n,y,n,y,n,n,n,n,n,n,n,n,n,n,n,n,n,n,n,n,n,n,n,n,n,n,n,n,n
Vancouvers Island,y,n,n,n,n,n,n,n,n,n,n,n,n,n,n,n,n,n,n,n,n,n,n,n,n,n,n,n,n,n,n,n,n,n,n,n,n,n,n,n,n,n,n,n,n,n,n,n,n,n,n,n,n,n,n,n,n,n,n,n,n,n,n,n,n,n,n,n
Victoria,y,y,y,y,y,y,y,y,y,y,y,y,y,y,y,y,y,y,y,y,n,n,n,n,n,n,n,y,n,n,n,n,n,n,n,n,n,n,n,n,n,n,n,n,n,n,n,n,n,n,n,n,n,n,n,n,n,n,n,n,n,n,n,n,n,n,n,n
Virgin Islands,n,y,y,n,n,n,n,n,n,y,y,y,n,n,n,n,n,n,n,n,y,n,n,n,n,n,n,n,n,n,n,y,n,n,n,n,n,n,y,n,n,n,n,n,n,n,n,n,n,n,n,n,n,n,n,n,n,n,n,n,n,y,y,y,y,y,y,y
Wei Hai Wei,n,n,n,n,n,n,n,n,n,n,n,n,n,n,n,y,n,n,n,n,n,n,n,n,n,n,n,n,n,n,n,n,n,n,n,n,n,n,n,n,n,n,n,n,n,n,n,n,n,n,n,n,n,n,n,n,n,n,n,n,n,n,n,n,n,n,n,n
Weihaiwei,n,n,n,n,n,n,n,n,n,n,n,n,n,n,n,n,y,y,y,y,n,y,y,y,y,y,y,y,y,y,y,y,y,y,y,y,y,y,y,y,n,n,n,n,n,n,n,n,n,n,n,n,n,n,n,n,n,n,n,n,n,n,n,n,n,n,n,n
West Africa,n,n,n,y,n,n,n,n,n,n,n,n,n,n,n,n,n,n,n,n,n,n,n,n,n,n,n,n,n,n,n,n,n,n,n,n,n,n,n,n,n,n,n,n,n,n,n,n,n,n,n,n,n,n,n,n,n,n,n,n,n,n,n,n,n,n,n,n
West Africa Gambia,n,n,y,n,n,n,n,n,n,n,n,n,n,n,n,n,n,n,n,n,n,n,n,n,n,n,n,n,n,n,n,n,n,n,n,n,n,n,n,n,n,n,n,n,n,n,n,n,n,n,n,n,n,n,n,n,n,n,n,n,n,n,n,n,n,n,n,n
West Africa Settlements,n,y,n,n,n,y,n,n,n,n,n,n,n,n,n,n,n,n,n,n,n,n,n,n,n,n,n,n,n,n,n,n,n,n,n,n,n,n,n,n,n,n,n,n,n,n,n,n,n,n,n,n,n,n,n,n,n,n,n,n,n,n,n,n,n,n,n,n
West African Settlements,y,n,n,n,n,n,n,n,n,n,n,n,n,n,n,n,n,n,n,n,n,n,n,n,n,n,n,n,n,n,n,n,n,n,n,n,n,n,n,n,n,n,n,n,n,n,n,n,n,n,n,n,n,n,n,n,n,n,n,n,n,n,n,n,n,n,n,n
West Indies,n,n,n,n,n,n,n,n,n,n,n,n,n,n,n,n,n,n,n,n,n,n,n,n,n,n,n,n,n,n,n,n,n,n,n,n,n,n,n,n,n,n,n,n,n,n,n,n,n,n,n,n,n,n,n,n,n,n,n,n,y,n,n,n,n,n,n,n
West Indies Cayman Turks Caicos,n,n,n,n,n,n,n,n,n,n,n,n,n,n,n,n,n,n,n,n,n,n,n,n,n,n,n,n,n,n,n,n,n,n,n,n,n,n,n,n,n,n,n,n,n,n,n,n,n,n,n,n,n,n,n,n,n,n,n,n,n,n,y,n,n,n,n,n
West Indies Federation,n,n,n,n,n,n,n,n,n,n,n,n,n,n,n,n,n,n,n,n,n,n,n,n,n,n,n,n,n,n,n,n,n,n,n,n,n,n,n,n,n,n,n,n,n,n,n,n,n,n,n,n,n,n,n,n,n,n,n,y,n,n,y,n,n,n,n,n
West Indies Jamaica,n,n,n,n,n,n,n,n,n,n,n,n,n,n,n,n,n,n,n,n,n,n,n,n,n,n,n,n,n,n,n,n,n,n,n,n,n,n,n,n,n,n,n,n,n,n,n,n,n,n,n,n,n,n,n,n,n,n,n,n,n,n,y,n,n,n,n,n
West Indies St Vincent,n,n,n,n,n,n,n,n,n,n,n,n,n,n,n,n,n,n,n,n,n,n,n,n,n,n,n,n,n,n,n,n,n,n,n,n,n,n,n,n,n,n,n,n,n,n,n,n,n,n,n,n,n,n,n,n,n,n,n,n,n,n,y,n,n,n,n,n
Western Australia,y,y,y,y,y,n,y,y,y,y,y,y,y,y,y,y,y,y,y,y,y,n,n,n,n,n,n,y,n,n,n,n,n,n,n,n,n,n,n,n,n,n,n,n,n,n,n,n,n,n,n,n,n,n,n,n,n,n,n,n,n,n,n,n,n,n,n,n
Western Pacific,n,n,n,n,n,n,n,n,n,y,y,n,y,y,n,y,y,y,y,n,y,n,n,y,y,y,y,y,y,y,y,n,y,n,n,n,n,n,n,y,n,n,y,n,y,y,y,y,y,n,y,n,y,y,n,n,y,n,n,y,y,n,n,n,n,y,n,y
Western Pacific High Commission,n,n,n,n,n,n,n,n,n,n,n,n,n,n,n,n,n,n,n,n,n,n,n,n,n,n,n,n,n,n,n,n,n,n,n,n,n,n,n,n,n,n,n,n,n,n,n,n,n,y,n,n,n,n,y,y,n,y,y,n,n,y,y,y,y,n,y,n
Windward Islands,n,n,y,y,n,y,y,n,n,n,n,n,n,n,y,y,n,n,n,y,n,n,n,n,n,n,n,n,y,y,y,n,y,y,y,n,n,n,n,n,n,n,n,n,n,n,n,n,y,y,y,y,y,n,y,n,y,n,y,n,y,n,n,n,n,n,n,n
Windward Islands   Grenada,n,n,n,n,n,n,n,y,n,n,n,n,n,n,n,n,n,n,n,n,n,n,n,n,n,n,n,n,n,n,n,n,n,n,n,n,n,n,n,n,n,n,n,n,n,n,n,n,n,n,n,n,n,n,n,n,n,n,n,n,n,n,n,n,n,n,n,n
Windward Islands   St. Lucia,n,n,n,n,n,n,n,y,n,n,n,n,n,n,n,n,n,n,n,n,n,n,n,n,n,n,n,n,n,n,n,n,n,n,n,n,n,n,n,n,n,n,n,n,n,n,n,n,n,n,n,n,n,n,n,n,n,n,n,n,n,n,n,n,n,n,n,n
Windward Islands   St. Vincent,n,n,n,n,n,n,n,y,n,n,n,n,n,n,n,n,n,n,n,n,n,n,n,n,n,n,n,n,n,n,n,n,n,n,n,n,n,n,n,n,n,n,n,n,n,n,n,n,n,n,n,n,n,n,n,n,n,n,n,n,n,n,n,n,n,n,n,n
Windward Islands   Tobago,n,n,n,n,n,n,n,y,n,n,n,n,n,n,n,n,n,n,n,n,n,n,n,n,n,n,n,n,n,n,n,n,n,n,n,n,n,n,n,n,n,n,n,n,n,n,n,n,n,n,n,n,n,n,n,n,n,n,n,n,n,n,n,n,n,n,n,n
Windward Islands Grenada,n,n,n,n,n,n,n,n,n,n,n,n,n,y,n,n,n,n,n,n,n,y,n,n,n,n,n,n,n,n,n,n,n,n,n,n,n,n,n,n,n,n,n,n,n,n,n,n,n,n,n,n,n,n,n,n,n,n,n,n,n,n,n,n,n,n,n,n
Windward Islands St Lucia,n,n,n,n,n,n,n,n,n,n,n,n,n,y,n,n,n,n,n,n,n,y,n,n,n,n,n,n,n,n,n,n,n,n,n,n,n,n,n,n,n,n,n,n,n,n,n,n,n,n,n,n,n,n,n,n,n,n,n,n,n,n,n,n,n,n,n,n
Windward Islands St Vincent,n,n,n,n,n,n,n,n,n,n,n,n,n,y,n,n,n,n,n,n,n,y,n,n,n,n,n,n,n,n,n,n,n,n,n,n,n,n,n,n,n,n,n,n,n,n,n,n,n,n,n,n,n,n,n,n,n,n,n,n,n,n,n,n,n,n,n,n
Zanzibar,n,n,n,n,n,n,n,n,n,n,n,n,n,n,n,y,y,y,n,y,y,y,y,y,y,y,y,y,y,y,y,y,n,y,y,y,y,y,y,y,y,y,y,y,y,y,y,y,n,y,y,y,y,y,y,y,y,y,y,y,y,y,y,n,y,y,n,n
Zanzibar And High Commission Territories,n,n,n,n,n,n,n,n,n,n,n,n,n,n,n,n,n,n,n,n,n,n,n,n,n,n,n,n,n,n,n,n,n,n,n,n,n,n,n,n,n,n,n,n,n,n,n,n,n,n,n,n,n,n,n,n,n,n,n,n,n,n,n,y,n,n,n,n
Zululand,n,n,n,n,n,n,n,y,y,y,y,y,y,y,n,n,n,n,n,n,n,n,n,n,n,n,n,n,n,n,n,n,n,n,n,n,n,n,n,n,n,n,n,n,n,n,n,n,n,n,n,n,n,n,n,n,n,n,n,n,n,n,n,n,n,n,n,n
